[
  {
    "Id": "0",
    "Name": "WPF NumericUpDown Release April 2011",
    "DevelopmentStatus": "Stable",
    "Description": "-- First Release (BETA)\n\n\n-- Subrelease:\n  oo Changed Version Information to reflect beta status\n  oo Fixed a bug that TextBox does not extend all the way when UpDown Buttons are hidden.\n  oo Made all properties dependencyproperties for binding purposes\n  oo Removed Runtime Statistics because of possible dependency errors\n  oo Fixed a bug with Data Validation in TextBox\n\n-- Stable Release\n oo Fixed some default values (stepsize and maxvalue) since they were zero. Leaving them at these values impacted the control behaviour.\n oo Fixed a problem, that the decimation could only be editit projectwide at once",
    "ReleasedDatge": "0001-01-01T00:00:00",
    "ModifiedDate": "2011-04-20T09:00:10.637-07:00",
    "Files": [
      {
        "Id": "4914396a-4011-4fa8-a4e7-541ae15d85c0",
        "FileName": "NumericUpDown_Binary_and_Documentation.7z",
        "Url": "./0/4914396a-4011-4fa8-a4e7-541ae15d85c0",
        "Type": "Application",
        "UploadDate": "2011-04-20T08:59:39.197-07:00"
      },
      {
        "Id": "8d7482aa-614d-4dee-8f52-57b73bcdbbd5",
        "FileName": "NumericUpDown_Source_and_Documentation.7z",
        "Url": "./0/8d7482aa-614d-4dee-8f52-57b73bcdbbd5",
        "Type": "Source Code",
        "UploadDate": "2011-04-20T08:59:39.26-07:00"
      }
    ]
  }
]