[
  {
    "Title": "Documentation",
    "Id": "413049",
    "ParentWikiTitle": "Documentation",
    "FileExtension": "html",
    "UpdatedDate": "2011-04-20T09:34:19.593-07:00",
    "FileAttachments": [
      {
        "Id": "487c65ff-0518-406c-a5f9-a2e0fa074f95",
        "FileName": "Documentation.chm",
        "DownloadUri": "./413049/487c65ff-0518-406c-a5f9-a2e0fa074f95"
      }
    ]
  },
  {
    "Title": "Home",
    "Id": "413031",
    "ParentWikiTitle": "Home",
    "FileExtension": "html",
    "UpdatedDate": "2011-04-20T09:01:43.303-07:00",
    "FileAttachments": [
      {
        "Id": "5c0c97cd-76e7-4407-b03d-72448e8d55df",
        "FileName": "btn_donateCC_LG.gif",
        "DownloadUri": "./413031/5c0c97cd-76e7-4407-b03d-72448e8d55df"
      }
    ]
  }
]
